Title,Authors,Pub Year,PMID,PMCID,DOI
Effectsofvareniclineonsmokingcue-triggeredneuralandcravingresponses,"Franklin T, Wang Z, Suh JJ, Hazan R, Cruz J, Li Y, Goldman M, Detre JA, O'Brien CP, Childress AR.",2011,21199958,PMC3743240,10.1001/archgenpsychiatry.2010.190
Overlappingpatternsofbrainactivationtofoodandcocainecuesincocaineabusers:associationtostriatalD2/D3receptors,"Tomasi D, Wang GJ, Wang R, Caparelli EC, Logan J, Volkow ND.",2015,25142207,PMC4306601,10.1002/hbm.22617
Individualizedreal-timefMRIneurofeedbacktoÂ attenuatecravinginnicotine-dependentsmokers,"Hartwell KJ, Hanlon CA, Li X, Borckardt JJ, Canterberry M, Prisciandaro JJ, Moran-Santa Maria MM, LeMatty T, George MS, Brady KT.",2016,26505139,PMC4688028,10.1503/jpn.140200
TheAffectiveandNeuralCorrelatesofHeroinversusCocaineUseinAddictionAreInfluencedbyEnvironmentalSettingButinOppositeDirections,"De Pirro S, Galati G, Pizzamiglio L, Badiani A.",2018,29760180,PMC6705939,10.1523/JNEUROSCI.0019-18.2018
Doublejeopardy:Comorbidobesityandcigarettesmokingarelinkedtoneurobiologicalalterationsininhibitorycontrolduringsmoking cueexposure,"Ely AV, Jagannathan K, Hager N, Ketcherside A, Franklin TR, Wetherill RR",2019,31069895,PMC9172940,10.1111/adb.12750
Quittingstartsinthebrain:arandomizedcontrolledtrialofapp-basedmindfulnessshowsdecreasesinneuralresponsestosmokingcuesthatpredictreductionsinsmoking,"Janes AC, Datko M, Roy A, Barton B, Druker S, Neal C, Ohashi K, Benoit H, van Lutterveld R, Brewer JA.",2019,31039580,PMC6785102,10.1038/s41386-019-0403-y
AlcoholExpectancyandCerebralResponsestoÂ Cue-ElicitedCravinginAdultNondependent Drinkers,"Zhornitsky S, Zhang S, Ide JS, Chao HH, Wang W, Le TM, Leeman RF, Bi J, Krystal JH, Li CR.",2019,30711509,PMC6500759,10.1016/j.bpsc.2018.11.012
Anexaminationofmotivationtochangeaandneuralcuereactivityfollowingbriefintervention,"Gordin E, lim A, mackillop J, Karno M, Ray L",2019,31244697,PMC6580427,10.3389/fpsyt.2019.00408
"TheEffectofHigh-FrequencyRepetitiveTranscranialMagneticStimulationonEmotionProcessing,Reappraisal,andCravinginAlcoholUseDisorderPatientsandHealthyControlsAFunctionalMagneticResonanceImagingStudy","Jansen JM, van den Heuvel OA, van der Werf YD, de Wit SJ, Veltman DJ, van den Brink W, Goudriaan AE",2019,31133889,PMC6516054,10.3389/fpsyt.2019.00272
State-DependentEffectsofventromedialprefrontalcortexcontinousthetaburststimulationoncocainecuereactivityinchroniccocaineusers,"Kearney-Ramos T,  Dowdle L, Mithoefer O, devries W, George M, Hanlon C",2019,31133897,PMC6517551,10.3389/fpsyt.2019.00317
Hypothalamicresponsetococainecuesandcocaineaddictionseverity,"Zhang S, Zhornitsky S, Angarita GA, Li CR.",2020,30295396,PMC6453736,10.1111/adb.12682
RegulationofCravingandNegativeEmotioninAlcoholUseDisorder,"Suzuki S, Mell MM, O'Malley SS, Krystal JH, Anticevic A, Kober H.",2020,31892465,PMC7010564,10.1016/j.bpsc.2019.10.005
Cue-elicitedfunctionalconnectivityoftheperiaqueductalgrayandtoniccocainecraving,"Zhang S, Zhornitsky S, Wang W, Dhingra I, Le TM, Li CR.",2020,32853997,PMC7606798,10.1016/j.drugalcdep.2020.108240
InvestigatinganovelfMRIcannabiscuereactivitytaskinyouth,"Karoly HC, Schacht JP, Meredith LR, Jacobus J, Tapert SF, Gray KM, Squeglia LM.",2019,30243035,PMC6309857,10.1016/j.addbeh.2018.09.015
Alterationsinfunctionalnetworksduringcue-reactivityinInternetgamingdisorder,"Ma SS, Worhunsky PD, Xu JS, Yip SW, Zhou N, Zhang JT, Liu L, Wang LJ, Liu B, Yao YW, Zhang S, Fang XY.",2019,31146550,PMC7044545,10.1556/2006.8.2019.25
Drug-InducedCravingforMethamphetamineIsAssociatedWithNeuralMethamphetamineCueReactivity,"Grodin EN, Courtney KE, Ray LA.",2019,31014470,PMC6489542,10.15288/jsad.2019.80.245
Unravelingtheroleofcigaretteuseinneuralcannabiscuereactivityinheavycannabisusers,"Kuhns L, Kroon E, Filbey F, Cousijn J.",2021,32761688,PMC7862430,10.1111/adb.12941
CravingandCueReactivityinNicotine-DependentTobaccoSmokersIsAssociatedWithDifferentInsulaNetworks,"Janes AC, Krantz NL, Nickerson LD, Frederick BB, Lukas SE.",2020,31706906,PMC6954328,10.1016/j.bpsc.2019.09.005
OxytocinReducesAlcoholCue-ReactivityinAlcohol-DependentRatsandHumans,"Hansson AC, Koopmann A, Uhrig S, Bühler S, Domi E, Kiessling E, Ciccocioppo R, Froemke RC, Grinevich V, Kiefer F, Sommer WH, Vollstädt-Klein S, Spanagel R.",2018,29090683,PMC5916348,10.1038/npp.2017.257
HypothalamicResponsestoCocaineandFoodCuesinIndividualswithCocaineDependence,"Zhang S, Zhornitsky S, Le TM, Li CR.",2019,31420667,PMC6929672,10.1093/ijnp/pyz044
Neuralsubstratesofcuereactivityandcravingingamblingdisorder,"Limbrick-Oldfield EH, Mick I, Cocks RE, McGonigle J, Sharman SP, Goldstone AP, Stokes PR, Waldman A, Erritzoe D, Bowden-Jones H, Nutt D, Lingford-Hughes A, Clark L.",2017,28045460,PMC5545724,10.1038/tp.2016.256
"Cue-elicitedcraving,thalamicactivity,andphysiologicalarousalinadultnon-dependentdrinkers","Wang W, Zhornitsky S, Le TM, Dhingra I, Zhang S, Krystal JH, Li CR.",2019,31202048,PMC6606341,10.1016/j.jpsychires.2019.06.005
TemporalDynamicsofLarge-ScaleNetworksPredictNeuralCueReactivityandCue-InducedCraving,"Wang KS, Kaiser RH, Peechatka AL, Frederick BB, Janes AC.",2020,32900658,PMC7655517,10.1016/j.bpsc.2020.07.006
Gender-relateddifferencesincue-elicitedcravingsinInternetgamingdisorder:Theeffectsofdeprivation,"Dong G, Zheng H, Liu X, Wang Y, Du X, Potenza MN.",2018,30556781,PMC6376376,10.1556/2006.7.2018.118
BrainActivityDuringCocaineCravingandGamblingUrges:AnfMRIStudy,"Kober H, Lacadie CM, Wexler BE, Malison RT, Sinha R, Potenza MN.",2016,26119472,PMC5130138,10.1038/npp.2015.193
Time-dependentneuronalchangesassociatedwithcravinginopioiddependence:anfMRIstudy,"Murphy A, Lubman DI, McKie S, Bijral PS, Peters LA, Faiz Q, Holmes SE, Anderson IM, Deakin B, Elliott R.",2018,28940758,PMC6120475,10.1111/adb.12554
Behavioralandneuralmarkersofcigarette-cravingregulationinyoung-adultsmokersduringabstinenceandaftersmoking,"Ghahremani DG, Faulkner P, M Cox C, London ED.",2018,29472643,PMC5983538,10.1038/s41386-018-0019-7
Cuereactivityisassociatedwithdurationandseverityofalcoholdependence:anFMRIstudy,"Sjoerds Z, van den Brink W, Beekman AT, Penninx BW, Veltman DJ.",2014,24400099,PMC3882248,10.1371/journal.pone.0084560
Genexabstinenceeffectsondrugcuereactivityinaddiction:multimodalevidence,"Moeller SJ, Parvaz MA, Shumay E, Beebe-Wang N, Konova AB, Alia-Klein N, Volkow ND, Goldstein RZ.",2013,23761898,PMC3682385,10.1523/JNEUROSCI.0695-13.2013
Cue-reactivityinexperiencedelectroniccigaretteusers:NovelstimulusvideosandapilotfMRIstudy,"Nichols TT, Foulds J, Yingst JM, Veldheer S, Hrabovsky S, Richie J, Eissenberg T, Wilson SJ.",2016,26478134,PMC4842166,10.1016/j.brainresbull.2015.10.003
ThefMRIBOLDresponsetounisensoryandmultisensorysmokingcuesinnicotine-dependentadults,"Cortese BM, Uhde TW, Brady KT, McClernon FJ, Yang QX, Collins HR, LeMatty T, Hartwell KJ.",2015,26475784,PMC4679531,10.1016/j.pscychresns.2015.10.008
Neuralcuereactivityduringacuteabstinencepredictsshort-termsmokingrelapse,"Allenby C, Falcone M, Wileyto EP, Cao W, Bernardo L, Ashare RL, Janes A, Loughead J, Lerman C.",2020,30806013,PMC6708755,10.1111/adb.12733
Enhancedcuereactivityandfronto-striatalfunctionalconnectivityincocaineusedisorders,"Wilcox CE, Teshiba TM, Merideth F, Ling J, Mayer AR.",2011,21466926,PMC3090708,10.1016/j.drugalcdep.2011.01.009
Neuralcorrelatesoftobaccocuereactivitypredictdurationtolapseandcontinuousabstinenceinsmokingcessationtreatment,"Owens MM, MacKillop J, Gray JC, Beach SRH, Stein MD, Niaura RS, Sweet LH.",2018,28877410,PMC5839925,10.1111/adb.12549
FMRIactivationtocannabisodorcuesisalteredinindividualsatriskforacannabisusedisorder,"Kleinhans NM, Sweigert J, Blake M, Douglass B, Doane B, Reitz F, Larimer M.",2020,32862560,PMC7559640,10.1002/brb3.1764
Cingulo-hippocampaleffectiveconnectivitypositivelycorrelateswithdrug-cueattentionalbiasinopioidusedisorder,"Ma L, Steinberg JL, Bjork JM, Taylor BA, Arias AJ, Terplan M, Anastasio NC, Zuniga EA, Lennon M, Cunningham KA, Moeller FG.",2019,31439409,PMC8598076,10.1016/j.pscychresns.2019.08.005
Theeffectofnicotinepatchesoncravinginthebrain:AfunctionalMRIstudyonheavysmokers,"Liberman K, Van Schuerbeek P, Herremans S, Meysman M, De Mey J, Buls N.",2018,30278517,PMC6181594,10.1097/MD.0000000000012415
Functionalimagingofemotionreactivityinopiate-dependentborderlinepersonalitydisorder,"Smoski MJ, Salsman N, Wang L, Smith V, Lynch TR, Dager SR, LaBar KS, Linehan MM.",2011,22448769,PMC3555434,10.1037/a0022228
Neuralcorrelatesofoxytocinandcuereactivityincocaine-dependentmenandwomenwithandwithoutchildhoodtrauma,"Joseph JE, McRae-Clark A, Sherman BJ, Baker NL, Moran-Santa Maria M, Brady KT.",2019,31701163,PMC8815182,10.1007/s00213-019-05360-7
PrequitfMRIresponsestopleasantcuesandcigarette-relatedcuespredictsmokingcessationoutcome,"Versace F, Engelmann JM, Robinson JD, Jackson EF, Green CE, Lam CY, Minnix JA, Karam-Hage MA, Brown VL, Wetter DW, Cinciripini PM.",2014,24376278,PMC4015090,10.1093/ntr/ntt214
Theeffectofalcoholprimingonneuralmarkersofalcoholcue-reactivity,"Courtney KE, Ghahremani DG, Ray LA.",2015,26125586,PMC4651007,10.3109/00952990.2015.1044608
Functionalneuralchangesandalteredcortical-subcorticalconnectivityassociatedwithrecoveryfromInternetgamingdisorder,"Dong GH, Wang M, Zhang J, Du X, Potenza MN.",2019,31891311,PMC7044574,10.1556/2006.8.2019.75
Theneuralcorrelatesoftheunifiedperceptofalcohol-relatedcraving:afMRIandEEGstudy,"Huang Y, Mohan A, De Ridder D, Sunaert S, Vanneste S.",2018,29343732,PMC5772563,10.1038/s41598-017-18471-y
Caudatereactivitytosmokingcuesisassociatedwithincreasedrespondingtomonetaryrewardinnicotine-dependentindividuals,"Molokotos E, Peechatka AL, Wang KS, Pizzagalli DA, Janes AC.",2020,32145666,PMC7127934,10.1016/j.drugalcdep.2020.107951
Neuralcorrelatesofcravingandresistingcravingfortobaccoinnicotinedependentsmokers,"Hartwell KJ, Johnson KA, Li X, Myrick H, LeMatty T, George MS, Brady KT.",2011,21790899,PMC3182826,10.1111/j.1369-1600.2011.00340.x
Rightanteriorinsulaconnectivityisimportantforcue-inducedcravinginnicotine-dependentsmokers,"Moran-Santa Maria MM, Hartwell KJ, Hanlon CA, Canterberry M, Lematty T, Owens M, Brady KT, George MS.",2015,24529072,PMC4133311,10.1111/adb.12124
Dynamicneuralresponsestocue-reactivityparadigmsinheroin-dependentusers:anfMRIstudy,"Yang Z, Xie J, Shao YC, Xie CM, Fu LP, Li DJ, Fan M, Ma L, Li SJ.",2009,18266213,PMC4533912,10.1002/hbm.20542
"Emotional,physicalandsexualabuseareassociatedwithaheightenedlimbicresponsetococainecues","Regier PS, Monge ZA, Franklin TR, Wetherill RR, Teitelman A, Jagannathan K, Suh JJ, Wang Z, Young KA, Gawrysiak M, Langleben DD, Kampman KM, O'Brien CP, Childress AR.",2017,27654662,PMC5767126,10.1111/adb.12445
Intensepassionateloveattenuatescigarettecue-reactivityinnicotine-deprivedsmokers:anFMRIstudy,"Xu X, Wang J, Aron A, Lei W, Westmaas JL, Weng X.",2012,22860092,PMC3409150,10.1371/journal.pone.0042235
ActivationoftheventralanddorsalstriatumduringcuereactivityinInternetgamingdisorder,"Liu L, Yip SW, Zhang JT, Wang LJ, Shen ZJ, Liu B, Ma SS, Yao YW, Fang XY.",2017,26732520,PMC5563850,10.1111/adb.12338
Brainactivationtococainecuesandmotivation/treatmentstatus,"Prisciandaro JJ, McRae-Clark AL, Myrick H, Henderson S, Brady KT.",2014,22458561,PMC3390439,10.1111/j.1369-1600.2012.00446.x
Differentialrewardnetworkfunctionalconnectivityincannabisdependentandnon-dependentusers,"Filbey FM, Dunlop J.",2014,24838032,PMC4349558,10.1016/j.drugalcdep.2014.04.002
Cannabiscue-inducedbrainactivationcorrelateswithdrugcravinginlimbicandvisualsalienceregions:preliminaryresults,"Charboneau EJ, Dietrich MS, Park S, Cao A, Watkins TJ, Blackford JU, Benningfield MM, Martin PR, Buchowski MS, Cowan RL.",2013,24035535,PMC3904759,10.1016/j.pscychresns.2013.06.005
NeurofunctionalDifferencesRelatedtoMethamphetamineandSexualCuesinMenWithShorterandLongerTermAbstinenceMethamphetamineDependence,"Chen S, Huang S, Yang C, Cai W, Chen H, Hao W, Liu T, Wang X, Worhunsky PD, Potenza MN.",2020,31995187,PMC7171928,10.1093/ijnp/pyz069
Corticalsubstratesofcue-reactivityinmultiplesubstancedependentpopulations:transdiagnosticrelevanceofthemedialprefrontalcortex,"Hanlon CA, Dowdle LT, Gibson NB, Li X, Hamilton S, Canterberry M, Hoffman M.",2018,30194288,PMC6128822,10.1038/s41398-018-0220-9
Theassociationbetweencue-reactivityintheprecuneusandlevelofdependenceonnicotineandalcohol,"Courtney KE, Ghahremani DG, London ED, Ray LA.",2014,24880692,PMC4166553,10.1016/j.drugalcdep.2014.04.026
"Sex-relateddifferencesinsubjective,butnotneural,cue-elicitedcravingresponseinheavycannabisusers","Prashad S, Hammonds RP, Wiese AL, Milligan AL, Filbey FM.",2020,32113057,PMC8173440,10.1016/j.drugalcdep.2020.107931
NeuralResponsestoSmokingCuesinSchizophrenia,"Moran LV, Betts JM, Ongur D, Janes AC.",2018,29106683,PMC5890466,10.1093/schbul/sbx085
"Guanfacineeffectsonstress,drugcravingandprefrontalactivationincocainedependentindividuals:preliminaryfindings","Fox HC, Seo D, Tuit K, Hansen J, Kimmerling A, Morgan PT, Sinha R.",2012,22234929,PMC3694403,10.1177/0269881111430746
Theleftdorsolateralprefrontalcortexandcaudatepathway:Newevidenceforcue-inducedcravingofsmokers,"Yuan K, Yu D, Bi Y, Wang R, Li M, Zhang Y, Dong M, Zhai J, Li Y, Lu X, Tian J.",2017,28653791,PMC6866730,10.1002/hbm.23690
RegionalBrainActivityinAbstinentMethamphetamineDependentMalesFollowingCueExposure,"Malcolm R, Myrick H, Li X, Henderson S, Brady KT, George MS, See RE.",2016,27314105,PMC4907368,10.21767/2471-853x.100016
AssociationofPrefrontal-StriatalFunctionalPathologyWithAlcoholAbstinenceDaysatTreatmentInitiationandHeavyDrinkingAfterTreatmentInitiation,"Blaine SK, Wemm S, Fogelman N, Lacadie C, Seo D, Scheinost D, Sinha R.",2020,32854534,PMC7606814,10.1176/appi.ajp.2020.19070703
Nippingcuereactivityinthebud:baclofenpreventslimbicactivationelicitedbysubliminaldrugcues,"Young KA, Franklin TR, Roberts DC, Jagannathan K, Suh JJ, Wetherill RR, Wang Z, Kampman KM, O'Brien CP, Childress AR.",2014,24695721,PMC3972727,10.1523/JNEUROSCI.4977-13.2014
Callous-UnemotionalTraitsModulateBrainDrugCravingResponseinHigh-RiskYoungOffenders,"Vincent GM, Cope LM, King J, Nyalakanti P, Kiehl KA.",2018,29130147,PMC5949254,10.1007/s10802-017-0364-8
BrainfMRIreactivitytosmoking-relatedimagesbeforeandduringextendedsmokingabstinence,"Janes AC, Frederick Bd, Richardt S, Burbridge C, Merlo-Pich E, Renshaw PF, Evins AE, Fava M, Kaufman MJ.",2009,19968401,PMC3742373,10.1037/a0017797
TheEffectsofPharmacologicalOpioidBlockadeonNeuralMeasuresofDrugCue-ReactivityinHumans,"Courtney KE, Ghahremani DG, Ray LA.",2016,27312405,PMC5061897,10.1038/npp.2016.99
Effectsofextended-releasenaltrexoneonthebrainresponsetodrug-relatedstimuliinpatientswithopioidusedisorder,"Shi Z, Wang AL, Jagannathan K, Fairchild VP, O'Brien CP, Childress AR, Langleben DD.",2018,29947607,PMC6019353,10.1503/jpn.170036
Neuralresponsestosubliminallypresentedcannabisandotheremotionallyevocativecuesincannabis-dependentindividuals,"Wetherill RR, Childress AR, Jagannathan K, Bender J, Young KA, Suh JJ, O'Brien CP, Franklin TR.",2014,24186078,PMC6218642,10.1007/s00213-013-3342-z
Effectofnaltrexoneandondansetrononalcoholcue-inducedactivationoftheventralstriatuminalcohol-dependentpeople,"Myrick H, Anton RF, Li X, Henderson S, Randall PK, Voronin K.",2008,18391135,PMC2504413,10.1001/archpsyc.65.4.466
Revisitingtheroleoftheinsulaandsmokingcue-reactivityinrelapse:Areplicationandextensionofneuroimagingfindings,"Janes AC, Gilman JM, Radoman M, Pachas G, Fava M, Evins AE.",2017,28735078,PMC5599349,10.1016/j.drugalcdep.2017.06.012
Prospectiveassociationsbetweenbrainactivationtococaineandno-gocuesandcocainerelapse,"Prisciandaro JJ, Myrick H, Henderson S, McRae-Clark AL, Brady KT.",2013,23683790,PMC3703628,10.1016/j.drugalcdep.2013.04.008
"Effectsofrepeatedtranscranialdirectcurrentstimulationonsmoking,cravingandbrainreactivitytosmokingcues","Mondino M, Luck D, Grot S, Januel D, Suaud-Chagny MF, Poulet E, Brunelin J.",2018,29880873,PMC5992174,10.1038/s41598-018-27057-1
Neuralcorrelatesofstress-inducedandcue-induceddrugcraving:influencesofsexandcocainedependence,"Potenza MN, Hong KI, Lacadie CM, Fulbright RK, Tuit KL, Sinha R.",2012,22294257,PMC3690485,10.1176/appi.ajp.2011.11020289
"Vareniclineeffectsondrinking,cravingandneuralrewardprocessingamongnon-treatment-seekingalcohol-dependentindividuals","Schacht JP, Anton RF, Randall PK, Li X, Henderson S, Myrick H.",2014,24647921,PMC4146648,10.1007/s00213-014-3518-1
Effectsofcravingbehavioralinterventiononneuralsubstratesofcue-inducedcravinginInternetgamingdisorder,"Zhang JT, Yao YW, Potenza MN, Xia CC, Lan J, Liu L, Wang LJ, Liu B, Ma SS, Fang XY.",2016,27699148,PMC5035334,10.1016/j.nicl.2016.09.004
HippocampalandInsularResponsetoSmoking-RelatedEnvironments:NeuroimagingEvidenceforDrug-ContextEffectsinNicotineDependence,"McClernon FJ, Conklin CA, Kozink RV, Adcock RA, Sweitzer MM, Addicott MA, Chou YH, Chen NK, Hallyburton MB, DeVito AM.",2016,26179147,PMC4707833,10.1038/npp.2015.214
Neuralsubstratesofresistingcravingduringcigarettecueexposure,"Brody AL, Mandelkern MA, Olmstead RE, Jou J, Tiongson E, Allen V, Scheibal D, London ED, Monterosso JR, Tiffany ST, Korb A, Gan JJ, Cohen MS.",2007,17217932,PMC1992815,10.1016/j.biopsych.2006.10.026
Defaultmodenetworkdeactivationtosmokingcuerelativetofoodcuepredictstreatmentoutcomeinnicotineusedisorder,"Wilcox CE, Claus ED, Calhoun VD, Rachakonda S, Littlewood RA, Mickey J, Arenella PB, Goodreau N, Hutchison KE.",2018,28231626,PMC5874131,10.1111/adb.12498
Effectsofchildhoodmaltreatmentontheneuralcorrelatesofstress-anddrugcue-inducedcocainecraving,"Elton A, Smitherman S, Young J, Kilts CD.",2015,25214317,PMC4362751,10.1111/adb.12162
Adolescents'behavioralandneuralresponsestoe-cigaretteadvertising,"Chen Y, Fowler CH, Papa VB, Lepping RJ, Brucks MG, Fox AT, Martin LE.",2018,28401670,PMC5636647,10.1111/adb.12510
Sustainedreductionofnicotinecravingwithreal-timeneurofeedback:exploringtheroleofseverityofdependence,"Canterberry M, Hanlon CA, Hartwell KJ, Li X, Owens M, LeMatty T, Prisciandaro JJ, Borckardt J, Saladin ME, Brady KT, George MS.",2013,23935182,PMC3819983,10.1093/ntr/ntt122
ImpactofDCS-facilitatedcueexposuretherapyonbrainactivationtococainecuesincocainedependence,"Prisciandaro JJ, Myrick H, Henderson S, McRae-Clark AL, Santa Ana EJ, Saladin ME, Brady KT.",2013,23497788,PMC3716842,10.1016/j.drugalcdep.2013.02.009
Interactionbetweendysfunctionalconnectivityatrestandheroincues-inducedbrainresponsesinmaleabstinentheroin-dependentindividuals,"Liu J, Qin W, Yuan K, Li J, Wang W, Li Q, Wang Y, Sun J, von Deneen KM, Liu Y, Tian J.",2011,22028765,PMC3196491,10.1371/journal.pone.0023098
Neuralcorrelatesofcravingandimpulsivityinabstinentformercocaineusers:Towardsbiomarkersofrelapserisk,"Bell RP, Garavan H, Foxe JJ.",2014,24951856,PMC7000234,10.1016/j.neuropharm.2014.05.011
Marijuanacravinginthebrain,"Filbey FM, Schacht JP, Myers US, Chavez RS, Hutchison KE.",2009,19651613,PMC2716383,10.1073/pnas.0903863106
Prefrontalandlimbicrestingstatebrainnetworkfunctionalconnectivitydiffersbetweennicotine-dependentsmokersandnon-smokingcontrols,"Janes AC, Nickerson LD, Frederick Bde B, Kaufman MJ.",2012,22459914,PMC3389311,10.1016/j.drugalcdep.2012.02.020
PreliminaryevidencethatcomputerizedapproachavoidancetrainingisnotassociatedwithchangesinfMRIcannabiscuereactivityinnon-treatment-seekingadolescentcannabisusers,"Karoly HC, Schacht JP, Jacobus J, Meredith LR, Taylor CT, Tapert SF, Gray KM, Squeglia LM.",2019,31132681,PMC6635134,10.1016/j.drugalcdep.2019.04.007
Abstinence-inducedchangesinself-reportcravingcorrelatewithevent-relatedFMRIresponsestosmokingcues,"McClernon FJ, Hiott FB, Huettel SA, Rose JE.",2005,15920499,PMC1571136,10.1038/sj.npp.1300780
BrainResponsestoSmokingCuesDifferBasedonNicotineMetabolismRate,"Falcone M, Cao W, Bernardo L, Tyndale RF, Loughead J, Lerman C.",2016,26805583,PMC5625335,10.1016/j.biopsych.2015.11.015
Reward-relatedbrainresponseandcravingcorrelatesofmarijuanacueexposure:apreliminarystudyintreatment-seekingmarijuana-dependentsubjects,"Goldman M, Szucs-Reed RP, Jagannathan K, Ehrman RN, Wang Z, Li Y, Suh JJ, Kampman K, O'Brien CP, Childress AR, Franklin TR.",2013,23188041,PMC3567235,10.1097/ADM.0b013e318273863a
Alteredanteriorcingulatecortextohippocampuseffectiveconnectivityinresponsetodrugcuesinmenwithcocaineusedisorder,"Ma L, Steinberg JL, Cunningham KA, Bjork JM, Lane SD, Schmitz JM, Burroughs T, Narayana PA, Kosten TR, Bechara A, Moeller FG.",2018,29108734,PMC5741507,10.1016/j.pscychresns.2017.10.012
EffectsofdepressivesymptomsandperipheralDATmethylationonneuralreactivitytoalcoholcuesinalcoholism,"Wiers CE, Shumay E, Volkow ND, Frieling H, Kotsiari A, Lindenmeyer J, Walter H, Bermpohl F.",2015,26418276,PMC5545640,10.1038/tp.2015.141
DopaminergicGeneticVariationInfluencesAripiprazoleEffectsonAlcoholSelf-AdministrationandtheNeuralResponsetoAlcoholCuesinaRandomizedTrial,"Schacht JP, Voronin KE, Randall PK, Anton RF.",2018,29362512,PMC5916367,10.1038/npp.2017.298
ModulationofCravingRelatedBrainResponsesUsingReal-TimefMRIinPatientswithAlcoholUseDisorder,"Karch S, Keeser D, Hümmer S, Paolini M, Kirsch V, Karali T, Kupka M, Rauchmann BS, Chrobok A, Blautzik J, Koller G, Ertl-Wagner B, Pogarell O.",2015,26204262,PMC4512680,10.1371/journal.pone.0133034
Assessingcue-inducedbrainresponseasafunctionofabstinencedurationinheroin-dependentindividuals:anevent-relatedfMRIstudy,"Li Q, Wang Y, Zhang Y, Li W, Zhu J, Zheng Y, Chen J, Zhao L, Zhou Z, Liu Y, Wang W, Tian J.",2013,23667541,PMC3646913,10.1371/journal.pone.0062911
Multivariatepatternanalysisoftheneuralcorrelatesofsmokingcueattentionalbias,"Elton A, Chanon VW, Boettiger CA.",2019,30844426,PMC6529249,10.1016/j.pbb.2019.03.001
Approach-biaspredictsdevelopmentofcannabisproblemseverityinheavycannabisusers:resultsfromaprospectiveFMRIstudy,"Cousijn J, Goudriaan AE, Ridderinkhof KR, van den Brink W, Veltman DJ, Wiers RW.",2012,22957019,PMC3434213,10.1371/journal.pone.0042394
Noeffectofattentionalbiasmodificationtraininginmethamphetamineusersreceivingresidentialtreatment,"Dean AC, Nurmi EL, Moeller SJ, Amir N, Rozenman M, Ghahremani DG, Johnson M, Berberyan R, Hellemann G, Zhang Z, London ED.",2019,30415277,PMC6415773,10.1007/s00213-018-5100-8
Multi-siteexplorationofsexdifferencesinbrainreactivitytosmokingcues:Consensusacrosssitesandmethodologies,"Dumais KM, Franklin TR, Jagannathan K, Hager N, Gawrysiak M, Betts J, Farmer S, Guthier E, Pater H, Janes AC, Wetherill RR.",2017,28711813,PMC5567981,10.1016/j.drugalcdep.2017.05.044
ExploringNeuralCorrelatesofDifferentDimensionsinDrugCravingSelf-ReportsamongHeroinDependents,"Hassani-Abharian P, Ganjgahi H, Tabatabaei-Jafari H, Oghabian MA, Mokri A, Ekhtiari H.",2015,26649165,PMC4668874,
Wavelet-transformedtemporalcerebralbloodflowsignalsduringattemptedinhibitionofcue-inducedcocainecravingdistinguishprognosticphenotypes,"Lam SC, Wang Z, Li Y, Franklin T, O'Brien C, Magland J, Childress AR.",2013,22981242,PMC4380328,10.1016/j.drugalcdep.2012.08.018
Roleoftheanteriorcingulateandmedialorbitofrontalcortexinprocessingdrugcuesincocaineaddiction,"Goldstein RZ, Tomasi D, Rajaram S, Cottone LA, Zhang L, Maloney T, Telang F, Alia-Klein N, Volkow ND.",2007,17197102,PMC1852512,10.1016/j.neuroscience.2006.11.024
Dorsolateralprefrontalandorbitofrontalcortexinteractionsduringself-controlofcigarettecraving,"Hayashi T, Ko JH, Strafella AP, Dagher A.",2013,23359677,PMC3600476,10.1073/pnas.1212185110
"fMRIstudyofneuralsensitizationtohedonicstimuliinlong-term,dailycannabisusers","Filbey FM, Dunlop J, Ketcherside A, Baine J, Rhinehardt T, Kuhn B, DeWitt S, Alvi T.",2016,27168331,PMC5012952,10.1002/hbm.23250
Brainregionsaffectedbyimpairedcontrolmodulateresponsestoalcoholandsmokingcues,"Liu J, Claus ED, Calhoun VD, Hutchison KE.",2014,25208199,PMC4161701,10.15288/jsad.2014.75.808
Integratingbrainandbehavior:evaluatingadolescents'responsetoacannabisintervention,"Feldstein Ewing SW, McEachern AD, Yezhuvath U, Bryan AD, Hutchison KE, Filbey FM.",2013,22925010,PMC6693491,10.1037/a0029767
ModelingCausalRelationshipBetweenBrainRegionsWithintheDrug-CueProcessingNetworkinChronicCocaineSmokers,"Ray S, Haney M, Hanson C, Biswal B, Hanson SJ.",2015,26038158,PMC4864631,10.1038/npp.2015.150
Transcranialmagneticstimulationofthedorsallateralprefrontalcortexinhibitsmedialorbitofrontalactivityinsmokers,"Li X, Sahlem GL, Badran BW, McTeague LM, Hanlon CA, Hartwell KJ, Henderson S, George MS.",2017,28898485,PMC5699931,10.1111/ajad.12621
"fMRIBOLDresponseinhigh-riskcollegestudents(Part1):duringexposuretoalcohol,marijuana,polydrugandemotionalpicturecues","Ray S, Hanson C, Hanson SJ, Bates ME.",2010,20729530,PMC2930251,10.1093/alcalc/agq042
"fMRIBOLDresponseofhigh-riskcollegestudents(Part2):duringmemoryprimingofalcohol,marijuanaandpolydrugpicturecues","Ray S, Hanson C, Hanson SJ, Rahman RM, Bates ME.",2010,20729527,PMC2930252,10.1093/alcalc/agq043
"Brainactivationpatternsassociatedwithcuereactivityandcravinginabstinentproblemgamblers,heavysmokersandhealthycontrols:anfMRIstudy","Goudriaan AE, de Ruiter MB, van den Brink W, Oosterlaan J, Veltman DJ.",2010,20840335,PMC3014110,10.1111/j.1369-1600.2010.00242.x
FDAcigarettewarninglabelslowercravingandelicitfrontoinsularactivationinadolescentsmokers,"Do KT, Galván A.",2015,25887154,PMC4631145,10.1093/scan/nsv038
TheImpactofAcceleratedRightPrefrontalHigh-FrequencyRepetitiveTranscranialMagneticStimulation(rTMS)onCue-Reactivity:AnfMRIStudyonCravinginRecentlyDetoxifiedAlcohol-DependentPatients,"Herremans SC, Van Schuerbeek P, De Raedt R, Matthys F, Buyl R, De Mey J, Baeken C.",2015,26295336,PMC4546410,10.1371/journal.pone.0136182
"Avariantonthekappaopioidreceptorgene(OPRK1)isassociatedwithstressresponseandrelateddrugcraving,limbicbrainactivationandcocainerelapserisk","Xu K, Seo D, Hodgkinson C, Hu Y, Goldman D, Sinha R.",2013,23962922,PMC3756290,10.1038/tp.2013.62
Neuralcircuitryofimpulsivityinacigarettecravingparadigm,"Bourque J, Mendrek A, Dinh-Williams L, Potvin S.",2013,23874307,PMC3712893,10.3389/fpsyt.2013.00067
Neuralcorrelatesofadherencetoextended-releasenaltrexonepharmacotherapyinheroindependence,"Wang AL, Elman I, Lowen SB, Blady SJ, Lynch KG, Hyatt JM, O'Brien CP, Langleben DD.",2015,25781230,PMC4354350,10.1038/tp.2015.20
AssociationbetweenCHRNA5geneticvariationatrs16969968andbrainreactivitytosmokingimagesinnicotinedependentwomen,"Janes AC, Smoller JW, David SP, Frederick BD, Haddad S, Basu A, Fava M, Evins AE, Kaufman MJ.",2012,21764527,PMC3203995,10.1016/j.drugalcdep.2011.06.009
Influenceofmenstrualcyclephaseonneuralandcravingresponsestoappetitivesmokingcuesinnaturallycyclingfemales,"Franklin TR, Jagannathan K, Wetherill RR, Johnson B, Kelly S, Langguth J, Mumma J, Childress AR.",2015,25762748,PMC4432396,10.1093/ntr/ntu183
Whitematterintegrityofcentralexecutivenetworkcorrelateswithenhancedbrainreactivitytosmokingcues,"Bi Y, Yuan K, Yu D, Wang R, Li M, Li Y, Zhai J, Lin W, Tian J.",2017,28960762,PMC6867136,10.1002/hbm.23830
Electricalstimulationreducessmokers'cravingbymodulatingthecouplingbetweendorsallateralprefrontalcortexandparahippocampalgyrus,"Yang LZ, Shi B, Li H, Zhang W, Liu Y, Wang H, Zhou Y, Wang Y, Lv W, Ji X, Hudak J, Zhou Y, Fallgatter AJ, Zhang X.",2017,28398588,PMC5597850,10.1093/scan/nsx055
Thetop-downregulationfromtheprefrontalcortextoinsulaviahypnoticaversionsuggestionsreducessmokingcraving,"Li X, Chen L, Ma R, Wang H, Wan L, Wang Y, Bu J, Hong W, Lv W, Vollstädt-Klein S, Yang Y, Zhang X.",2019,30467911,PMC6865459,10.1002/hbm.24483
Adolescentheavydrinkers'amplifiedbrainresponsestoalcoholcuesdecreaseoveronemonthofabstinence,"Brumback T, Squeglia LM, Jacobus J, Pulido C, Tapert SF, Brown SA.",2015,25796007,PMC4395544,10.1016/j.addbeh.2015.03.001
Volitionalreductionofanteriorcingulatecortexactivityproducesdecreasedcuecravinginsmokingcessation:apreliminaryreal-timefMRIstudy,"Li X, Hartwell KJ, Borckardt J, Prisciandaro JJ, Saladin ME, Morgan PS, Johnson KA, Lematty T, Brady KT, George MS.",2013,22458676,PMC3389595,10.1111/j.1369-1600.2012.00449.x
Instructedsmokingexpectancymodulatescue-elicitedneuralactivity:apreliminarystudy,"Wilson SJ, Sayette MA, Delgado MR, Fiez JA.",2005,16085533,PMC2633119,10.1080/14622200500185520
Theroleofdorsalanteriorcingulatecortexintheregulationofcravingbyreappraisalinsmokers,"Zhao LY, Tian J, Wang W, Qin W, Shi J, Li Q, Yuan K, Dong MH, Yang WC, Wang YR, Sun LL, Lu L.",2012,22928000,PMC3425483,10.1371/journal.pone.0043598
Anacutepsychosocialstressenhancestheneuralresponsetosmokingcues,"Dagher A, Tannenbaum B, Hayashi T, Pruessner JC, McBride D.",2009,19632211,PMC2754394,10.1016/j.brainres.2009.07.048
Anteriorcingulatecortexhypoactivationstoanemotionallysalienttaskincocaineaddiction,"Goldstein RZ, Alia-Klein N, Tomasi D, Carrillo JH, Maloney T, Woicik PA, Wang R, Telang F, Volkow ND.",2009,19478067,PMC2695125,10.1073/pnas.0900491106
Ambivalenceaboutsmokingandcue-elicitedneuralactivityinquitting-motivatedsmokersfacedwithanopportunitytosmoke,"Wilson SJ, Creswell KG, Sayette MA, Fiez JA.",2013,22483100,PMC3428430,10.1016/j.addbeh.2012.03.020
Quitting-unmotivatedandquitting-motivatedcigarettesmokersexhibitdifferentpatternsofcue-elicitedbrainactivationwhenanticipatinganopportunitytosmoke,"Wilson SJ, Sayette MA, Fiez JA.",2012,21859165,PMC3704179,10.1037/a0025112
Memoryretrievalofsmoking-relatedimagesinducegreaterinsulaactivationasrevealedbyanfMRI-baseddelayedmatchingtosampletask,"Janes AC, Ross RS, Farmer S, Frederick BB, Nickerson LD, Lukas SE, Stern CE.",2015,24261848,PMC4031308,10.1111/adb.12112
"NeuralresponsestoBEGIN-andEND-stimuliofthesmokingritualinnonsmokers,nondeprivedsmokers,anddeprivedsmokers","Stippekohl B, Winkler M, Mucha RF, Pauli P, Walter B, Vaitl D, Stark R.",2010,20090671,PMC3055400,10.1038/npp.2009.227
Thecorticotropinreleasinghormone-1(CRH1)receptorantagonistpexacerfontinalcoholdependence:arandomizedcontrolledexperimentalmedicinestudy,"Kwako LE, Spagnolo PA, Schwandt ML, Thorsell A, George DT, Momenan R, Rio DE, Huestis M, Anizan S, Concheiro M, Sinha R, Heilig M.",2015,25409596,PMC4367465,10.1038/npp.2014.306
Insula-DorsalAnteriorCingulateCortexCouplingisAssociatedwithEnhancedBrainReactivitytoSmokingCues,"Janes AC, Farmer S, Peechatka AL, Frederick Bde B, Lukas SE.",2015,25567427,PMC4915269,10.1038/npp.2015.9
Dorsalanteriorcingulateglutamateisassociatedwithengagementofthedefaultmodenetworkduringexposuretosmokingcues,"Janes AC, Betts J, Jensen JE, Lukas SE.",2016,27522872,PMC5037039,10.1016/j.drugalcdep.2016.07.021
Neuralsubstratesofattentionalbiasforsmoking-relatedcues:anFMRIstudy,"Janes AC, Pizzagalli DA, Richardt S, Frederick Bde B, Holmes AJ, Sousa J, Fava M, Evins AE, Kaufman MJ.",2010,20703221,PMC2955848,10.1038/npp.2010.103
TheActionRepresentationElicitedbyDifferentTypesofDrug-RelatedCuesinHeroin-AbstinentIndividuals,"Zeng H, Su D, Wang P, Wang M, Vollstädt-Klein S, Chen Q, Ye H.",2018,30013467,PMC6037213,10.3389/fnbeh.2018.00123
Brainreactivitytosmokingcuespriortosmokingcessationpredictsabilitytomaintaintobaccoabstinence,"Janes AC, Pizzagalli DA, Richardt S, deB Frederick B, Chuzi S, Pachas G, Culhane MA, Holmes AJ, Fava M, Evins AE, Kaufman MJ.",2010,20172508,PMC2954596,10.1016/j.biopsych.2009.12.034
Cue-elicitedcravinginheroinaddictsatdifferentabstinenttime:anfMRIpilotstudy,"Lou M, Wang E, Shen Y, Wang J.",2012,22329835,PMC3359800,10.3109/10826084.2011.646381
TransdiagnosticEffectsofVentromedialPrefrontalCortexTranscranialMagneticStimulationonCueReactivity,"Kearney-Ramos TE, Dowdle LT, Lench DH, Mithoefer OJ, Devries WH, George MS, Anton RF, Hanlon CA.",2018,29776789,PMC6641556,10.1016/j.bpsc.2018.03.016
InteractingeffectsofnaltrexoneandOPRM1andDAT1variationontheneuralresponsetoalcoholcues,"Schacht JP, Anton RF, Voronin KE, Randall PK, Li X, Henderson S, Myrick H.",2013,23032071,PMC3547192,10.1038/npp.2012.195
Dopaminergicresponsetodrugwordsincocaineaddiction,"Goldstein RZ, Tomasi D, Alia-Klein N, Honorio Carrillo J, Maloney T, Woicik PA, Wang R, Telang F, Volkow ND.",2009,19420266,PMC2691777,10.1523/JNEUROSCI.4247-08.2009
Psychopathictraitsmodulatebrainresponsestodrugcuesinincarceratedoffenders,"Cope LM, Vincent GM, Jobelius JL, Nyalakanti PK, Calhoun VD, Kiehl KA.",2014,24605095,PMC3932519,10.3389/fnhum.2014.00087
Ventralstriatum/nucleusaccumbensactivationtosmoking-relatedpictorialcuesinsmokersandnonsmokers:afunctionalmagneticresonanceimagingstudy,"David SP, Munafò MR, Johansen-Berg H, Smith SM, Rogers RD, Matthews PM, Walton RT.",2005,16023086,PMC4439461,10.1016/j.biopsych.2005.04.028
"Varenicline,naltrexone,andtheircombinationforheavy-drinkingsmokers:preliminaryneuroimagingfindings","Ray LA, Courtney KE, Ghahremani DG, Miotto K, Brody A, London ED.",2015,24949564,PMC4365972,10.3109/00952990.2014.927881
Therelationshipbetweenyearsofcocaineuseandbrainactivationtococaineandresponseinhibitioncues,"Prisciandaro JJ, Joseph JE, Myrick H, McRae-Clark AL, Henderson S, Pfeifer J, Brady KT.",2014,24938849,PMC4229403,10.1111/add.12666
Differentialbrainresponsetoalcoholcuedistractorsacrossstagesofalcoholdependence,"Fryer SL, Jorgensen KW, Yetter EJ, Daurignac EC, Watson TD, Shanbhag H, Krystal JH, Mathalon DH.",2013,23131612,PMC3947923,10.1016/j.biopsycho.2012.10.004
Reductionofcue-inducedcravingthroughrealtimeneurofeedbackinnicotineusers:theroleofregionofinterestselectionandmultiplevisits,"Hanlon CA, Hartwell KJ, Canterberry M, Li X, Owens M, Lematty T, Prisciandaro JJ, Borckardt J, Brady KT, George MS.",2013,23683344,PMC4093788,10.1016/j.pscychresns.2013.03.003
InitialevidencethatOPRM1genotypemoderatesventralanddorsalstriatumfunctionalconnectivityduringalcoholcues,"Ray LA, Courtney KE, Hutchison KE, Mackillop J, Galvan A, Ghahremani DG.",2014,23876228,PMC3808494,10.1111/acer.12136
EarlyVersusLateOnsetofCannabisUse:DifferencesinStriatalResponsetoCannabisCues,"Wetherill RR, Hager N, Jagannathan K, Mashhoon Y, Pater H, Childress AR, Franklin TR.",2016,28331903,PMC5358095,10.1089/can.2016.0026
AnfMRIstudyofnicotine-deprivedsmokers'reactivitytosmokingcuesduringnovel/excitingactivity,"Xu X, Aron A, Westmaas JL, Wang J, Sweet LH.",2014,24727905,PMC3984235,10.1371/journal.pone.0094598
DoAdolescentsUseSubstancestoRelieveUncomfortableSensations?APreliminaryExaminationofNegativeReinforcementamongAdolescentCannabisandAlcoholUsers,"May AC, Jacobus J, Stewart JL, Simmons AN, Paulus MP, Tapert SF.",2020,32260480,PMC7226193,10.3390/brainsci10040214
Brainregionsrelatedtotooluseandactionknowledgereflectnicotinedependence,"Yalachkov Y, Kaiser J, Naumer MJ.",2009,19369561,PMC6665327,10.1523/JNEUROSCI.4891-08.2009
Subjectiveresponsestoalcoholinthelabpredictneuralresponsestoalcoholcues,"Courtney KE, Ray LA.",2014,24411804,PMC3893626,10.15288/jsad.2014.75.124
Anatomicaldifferencesandnetworkcharacteristicsunderlyingsmokingcuereactivity,"Zhang X, Salmeron BJ, Ross TJ, Gu H, Geng X, Yang Y, Stein EA.",2011,20688176,PMC2962771,10.1016/j.neuroimage.2010.07.063
AssociationofNeuralResponsestoDrugCuesWithSubsequentRelapsetoStimulantUse,"MacNiven KH, Jensen ELS, Borg N, Padula CB, Humphreys K, Knutson B.",2018,30646331,PMC6324538,10.1001/jamanetworkopen.2018.6466
Smoking-relatedcue-inducedbrainactivationinadolescentlightsmokers,"Rubinstein ML, Luks TL, Moscicki AB, Dryden W, Rait MA, Simpson GV.",2011,21185518,PMC3058837,10.1016/j.jadohealth.2010.09.016
"PredictorsofNaltrexoneResponseinaRandomizedTrial:Reward-RelatedBrainActivation,OPRM1Genotype,andSmokingStatus","Schacht JP, Randall PK, Latham PK, Voronin KE, Book SW, Myrick H, Anton RF.",2017,28409564,PMC5686497,10.1038/npp.2017.74
"Associationbetweennicotinedependenceseverity,BOLDresponsetosmokingcues,andfunctionalconnectivity","Claus ED, Blaine SK, Filbey FM, Mayer AR, Hutchison KE.",2013,23708507,PMC3799055,10.1038/npp.2013.134
IndividualandadditiveeffectsoftheCNR1andFAAHgenesonbrainresponsetomarijuanacues,"Filbey FM, Schacht JP, Myers US, Chavez RS, Hutchison KE.",2010,20010552,PMC2820137,10.1038/npp.2009.200
Examiningtheeffectsofinitialsmokingabstinenceonresponsetosmoking-relatedstimuliandresponseinhibitioninahumanlaboratorymodel,"Bradstreet MP, Higgins ST, McClernon FJ, Kozink RV, Skelly JM, Washio Y, Lopez AA, Parry MA.",2014,24337077,PMC4123458,10.1007/s00213-013-3360-x
Effectofbupropiontreatmentonbrainactivationinducedbycigarette-relatedcuesinsmokers,"Culbertson CS, Bramen J, Cohen MS, London ED, Olmstead RE, Gan JJ, Costello MR, Shulenberger S, Mandelkern MA, Brody AL.",2011,21199957,PMC3214639,10.1001/archgenpsychiatry.2010.193
Functionalmagneticresonanceimaging(fMRI)responsetoalcoholpicturespredictssubsequenttransitiontoheavydrinkingincollegestudents,"Dager AD, Anderson BM, Rosen R, Khadka S, Sawyer B, Jiantonio-Kelly RE, Austad CS, Raskin SA, Tennen H, Wood RM, Fallahi CR, Pearlson GD.",2014,24304235,PMC3951577,10.1111/add.12437
CravingResponsestoMethamphetamineandSexualVisualCuesinIndividualsWithMethamphetamineUseDisorderAfterLong-TermDrugRehabilitation,"Huang S, Zhang Z, Dai Y, Zhang C, Yang C, Fan L, Liu J, Hao W, Chen H.",2018,29725310,PMC5917670,10.3389/fpsyt.2018.00145
EnhancedAmygdala-StriatalFunctionalConnectivityduringtheProcessingofCocaineCuesinMaleCocaineUserswithaHistoryofChildhoodTrauma,"Kaag AM, Reneman L, Homberg J, van den Brink W, van Wingen GA.",2018,29593581,PMC5857536,10.3389/fpsyt.2018.00070
Whitematterintegrityisassociatedwithalcoholcuereactivityinheavydrinkers,"Monnig MA, Thayer RE, Caprihan A, Claus ED, Yeo RA, Calhoun VD, Hutchison KE.",2014,24683509,PMC3967532,10.1002/brb3.204
Behaviouralcuereactivitytoalcohol-relatedandnon-alcohol-relatedstimuliamongindividualswithalcoholusedisorder:AnfMRIstudywithavisualtask,"Fukushima S, Kuga H, Oribe N, Mutou T, Yuzuriha T, Ozawa H, Ueno T.",2020,32678839,PMC7367463,10.1371/journal.pone.0229187
PreliminaryfunctionalMRIresultsfromacombinedstop-signalalcohol-cuetask,"Karoly HC, Weiland BJ, Sabbineni A, Hutchison KE.",2014,24988265,PMC4108606,10.15288/jsad.2014.75.664
Interactionbetweenbehavioralinhibitionandneuralalcoholcue-reactivityinADHDandalcoholusedisorder,"Vollstädt-Klein S, Gerhardt S, Lee A, Strosche A, Sharafi G, Nuriyeva R, Seidt J, Hennig O, Alm B, Hermann D, Sommer WH, Kiefer F, Luderer M, Sobanski E.",2020,32285159,PMC7239811,10.1007/s00213-020-05492-1
LocallyEstimatedHemodynamicResponseFunctionandActivationDetectionSensitivityinHeroin-CueReactivityStudy,"Maleki-Balajoo S, Hossein-Zadeh GA, Soltanian-Zadeh H, Ekhtiari H.",2016,27872691,PMC5102559,10.15412/J.BCN.03070403
24-hsmokingabstinencepotentiatesfMRI-BOLDactivationtosmokingcuesincerebralcortexanddorsalstriatum,"McClernon FJ, Kozink RV, Lutz AM, Rose JE.",2009,19107465,PMC2810714,10.1007/s00213-008-1436-9
Riskassessmentandrewardprocessinginproblemgamblinginvestigatedbyevent-relatedpotentialsandfMRI-constrainedsourceanalysis,"Miedl SF, Fehr T, Herrmann M, Meyer G.",2014,25108447,PMC4149195,10.1186/s12888-014-0229-4
Acupunctureinhibitscue-inducedheroincravingandbrainactivation,"Cai X, Song X, Li C, Xu C, Li X, Lu Q.",2012,25368637,PMC4200728,10.3969/j.issn.1673-5374.2012.33.006
"TheCRF1AntagonistVerucerfontinAnxiousAlcohol-DependentWomen:TranslationofNeuroendocrine,ButnotofAnti-CravingEffects","Schwandt ML, Cortes CR, Kwako LE, George DT, Momenan R, Sinha R, Grigoriadis DE, Pich EM, Leggio L, Heilig M.",2016,27109623,PMC5061889,10.1038/npp.2016.61
Individualdifferencesinanteriorcingulateactivationassociatedwithattentionalbiaspredictcocaineuseaftertreatment,"Marhe R, Luijten M, van de Wetering BJ, Smits M, Franken IH.",2013,23303067,PMC3629408,10.1038/npp.2013.7
Influenceofalcoholuseandfamilyhistoryofalcoholismonneuralresponsetoalcoholcuesincollegedrinkers,"Dager AD, Anderson BM, Stevens MC, Pulido C, Rosen R, Jiantonio-Kelly RE, Sisante JF, Raskin SA, Tennen H, Austad CS, Wood RM, Fallahi CR, Pearlson GD.",2013,23078363,PMC3548054,10.1111/j.1530-0277.2012.01879.x
ElucidatingtheEffectofaBriefDrinkingInterventionUsingNeuroimaging:APreliminaryStudy,"Grodin EN, Ray LA, MacKillop J, Lim AC, Karno MP.",2019,30556913,PMC6370530,10.1111/acer.13941
Exploringtherelationshipbetweendepressiveandanxietysymptomsandneuronalresponsetoalcoholcues,"Feldstein Ewing SW, Filbey FM, Chandler LD, Hutchison KE.",2010,20028366,PMC2911356,10.1111/j.1530-0277.2009.01104.x
CorticostriatalandDopaminergicResponsetoBeerFlavorwithBothfMRIand[(11)C]raclopridePositronEmissionTomography,"Oberlin BG, Dzemidzic M, Harezlak J, Kudela MA, Tran SM, Soeurt CM, Yoder KK, Kareken DA.",2016,27459715,PMC5008996,10.1111/acer.13158
StabilityoffMRIstriatalresponsetoalcoholcues:ahierarchicallinearmodelingapproach,"Schacht JP, Anton RF, Randall PK, Li X, Henderson S, Myrick H.",2011,21316465,PMC3066261,10.1016/j.neuroimage.2011.02.004
Cingulatecortexfunctionalconnectivitypredictsfuturerelapseinalcoholdependentindividuals,"Zakiniaeiz Y, Scheinost D, Seo D, Sinha R, Constable RT.",2016,27981033,PMC5144743,10.1016/j.nicl.2016.10.019
"Cue-InducedBrainActivationinChronicKetamine-DependentSubjects,CigaretteSmokers,andHealthyControls:ATaskFunctionalMagneticResonanceImagingStudy","Liao Y, Johnson M, Qi C, Wu Q, Xie A, Liu J, Yang M, Huang M, Zhang Y, Liu T, Hao W, Tang J.",2018,29618991,PMC5872489,10.3389/fpsyt.2018.00088
Neuralcorrelatesofself-focusedandother-focusedstrategiesforcopingwithcigarettecueexposure,"Wilson SJ, Sayette MA, Fiez JA.",2013,22288977,PMC3700629,10.1037/a0027055
Oralmethylphenidatenormalizescingulateactivityincocaineaddictionduringasalientcognitivetask,"Goldstein RZ, Woicik PA, Maloney T, Tomasi D, Alia-Klein N, Shan J, Honorio J, Samaras D, Wang R, Telang F, Wang GJ, Volkow ND.",2010,20823246,PMC2944718,10.1073/pnas.1011455107
DysfunctionofthePrefrontalCortexinBetel-Quid-DependentChewers,"Kong L, Zeng C, Yuan F, Liu S, Wang D, Jiang C, Zhan Z, Qian Z, Zhu X.",2020,33192673,PMC7541958,10.3389/fpsyt.2020.558367
Individualvariabilityinthelocusofprefrontalcravingfornicotine:implicationsforbrainstimulationstudiesandtreatments,"Hanlon CA, Jones EM, Li X, Hartwell KJ, Brady KT, George MS.",2012,22459915,PMC3499028,10.1016/j.drugalcdep.2012.02.019
Resistingtheurgetosmokeandcravingduringasmokingquitattemptonvarenicline:resultsfromapilotfMRIstudy,"Hartwell KJ, Lematty T, McRae-Clark AL, Gray KM, George MS, Brady KT.",2013,23421569,PMC4501024,10.3109/00952990.2012.750665
Responseinhibitionduringcuereactivityinproblemgamblers:anfMRIstudy,"van Holst RJ, van Holstein M, van den Brink W, Veltman DJ, Goudriaan AE.",2012,22479305,PMC3316530,10.1371/journal.pone.0030909
BrainactivityanddesireforInternetvideogameplay,"Han DH, Bolo N, Daniels MA, Arenella L, Lyoo IK, Renshaw PF.",2011,21220070,PMC3039876,10.1016/j.comppsych.2010.04.004
Neuralcorrelatesofalcohol-approachbiasinalcoholaddiction:thespiritiswillingbutthefleshisweakforspirits,"Wiers CE, Stelzel C, Park SQ, Gawron CK, Ludwig VU, Gutwinski S, Heinz A, Lindenmeyer J, Wiers RW, Walter H, Bermpohl F.",2014,24060832,PMC3895246,10.1038/npp.2013.252
Mindfulattentionreducesneuralandself-reportedcue-inducedcravinginsmokers,"Westbrook C, Creswell JD, Tabibnia G, Julson E, Kober H, Tindle HA.",2013,22114078,PMC3541484,10.1093/scan/nsr076
"ChangesinEffectiveConnectivityNetworkPatternsinDrugAbusers,TreatedWithDifferentMethods","Zare Sadeghi A, Jafari AH, Oghabian MA, Salighehrad HR, Batouli SAH, Raminfard S, Ekhtiari H.",2017,29158879,PMC5683686,10.18869/nirp.bcn.8.4.285
"EmotionProcessing,Reappraisal,andCravinginAlcoholDependence:AFunctionalMagneticResonanceImagingStudy","Jansen JM, van den Heuvel OA, van der Werf YD, de Wit SJ, Veltman DJ, van den Brink W, Goudriaan AE.",2019,31057439,PMC6465626,10.3389/fpsyt.2019.00227
Painandrewardcircuitsantagonisticallymodulatealcoholexpectancytoregulatedrinking,"Le TM, Zhornitsky S, Zhang S, Li CR.",2020,32636394,PMC7341762,10.1038/s41398-020-00909-z
Theneuralcorrelatesofprimingemotionandrewardsystemsforconflictprocessinginalcoholics,"Schulte T, Jung YC, Sullivan EV, Pfefferbaum A, Serventi M, Müller-Oehring EM.",2017,27815773,PMC5418124,10.1007/s11682-016-9651-1
Thefirstdayisalwaysthehardest:Functionalconnectivityduringcueexposureandtheabilitytoresistsmokingintheinitialhoursofaquitattempt,"Zelle SL, Gates KM, Fiez JA, Sayette MA, Wilson SJ.",2017,26975550,PMC5018416,10.1016/j.neuroimage.2016.03.015
Presumedstructuralandfunctionalneuralrecoveryafterlong-termabstinencefromcocaineinmalemilitaryveterans,"He Q, Huang X, Turel O, Schulte M, Huang D, Thames A, Bechara A, Hser YI.",2018,29410011,PMC5880688,10.1016/j.pnpbp.2018.01.024
Cue-inducedcravingincreasesimpulsivityviachangesinstriatalvaluesignalsinproblemgamblers,"Miedl SF, Büchel C, Peters J.",2014,24672019,PMC6608125,10.1523/JNEUROSCI.5020-13.2014
Influenceofcueexposureoninhibitorycontrolandbrainactivationinpatientswithalcoholdependence,"Mainz V, Drüke B, Boecker M, Kessel R, Gauggel S, Forkmann T.",2012,22557953,PMC3340941,10.3389/fnhum.2012.00092
Anteriorinsulaactivationduringinhibitiontosmokingcuesisassociatedwithabilitytomaintaintobaccoabstinence,"Gilman JM, Radoman M, Schuster RM, Pachas G, Azzouz N, Fava M, Evins AE.",2018,29450255,PMC5805503,10.1016/j.abrep.2018.01.002
"Development,InitialTestingandChallengesofanEcologicallyValidRewardPredictionErrorFMRITaskforAlcoholism","Cservenka A, Courtney KE, Ghahremani DG, Hutchison KE, Ray LA.",2017,28633363,PMC5860006,10.1093/alcalc/agx037
TACR1genotypespredictfMRIresponsetoalcoholcuesandlevelofalcoholdependence,"Blaine S, Claus E, Harlaar N, Hutchison K.",2013,23078527,PMC5996989,10.1111/j.1530-0277.2012.01923.x
Prefrontal-striatalpathwayunderliescognitiveregulationofcraving,"Kober H, Mende-Siedlecki P, Kross EF, Weber J, Mischel W, Hart CL, Ochsner KN.",2010,20679212,PMC2930456,10.1073/pnas.1007779107
EffectsofAcuteNicotineAbstinenceonCue-elicitedVentralStriatum/NucleusAccumbensActivationinFemaleCigaretteSmokers:AFunctionalMagneticResonanceImagingStudy,"David SP, Munafò MR, Johansen-Berg H, Mackillop J, Sweet LH, Cohen RA, Niaura R, Rogers RD, Matthews PM, Walton RT.",2007,18458752,PMC2367252,10.1007/s11682-007-9004-1
Peripheralandprefrontalstresssystemmarkersandriskofrelapseinalcoholism,"Blaine SK, Seo D, Sinha R.",2017,26537217,PMC4860170,10.1111/adb.12320
Sexdifferencesandmenstrualcyclephase-dependentmodulationofcravingforcigarette:anFMRIpilotstudy,"Mendrek A, Dinh-Williams L, Bourque J, Potvin S.",2014,25478563,PMC4248329,10.1155/2014/723632
Negativeurgencyandventromedialprefrontalcortexresponsestoalcoholcues:FMRIevidenceofemotion-basedimpulsivity,"Cyders MA, Dzemidzic M, Eiler WJ, Coskunpinar A, Karyadi K, Kareken DA.",2014,24164291,PMC3946804,10.1111/acer.12266
Theeffectofaripiprazoleoncue-inducedbrainactivationanddrinkingparametersinalcoholics,"Myrick H, Li X, Randall PK, Henderson S, Voronin K, Anton RF.",2010,20571434,PMC3595185,10.1097/JCP.0b013e3181e75cff
Decreasedneuralactivityinrewardcircuitryduringpersonalreferenceinabstinentalcoholics--afMRIstudy,"de Greck M, Supady A, Thiemann R, Tempelmann C, Bogerts B, Forschner L, Ploetz KV, Northoff G.",2009,18711709,PMC6870830,10.1002/hbm.20634
DATgenotypemodulatesbrainandbehavioralresponseselicitedbycigarettecues,"Franklin TR, Lohoff FW, Wang Z, Sciortino N, Harper D, Li Y, Jens W, Cruz J, Kampman K, Ehrman R, Berrettini W, Detre JA, O'Brien CP, Childress AR.",2009,18704100,PMC3348625,10.1038/npp.2008.124
Theimpactofsexonbrainresponsestosmokingcues:aperfusionfMRIstudy,"Wetherill RR, Young KA, Jagannathan K, Shin J, O'Brien CP, Childress AR, Franklin TR.",2013,23628003,PMC3643879,10.1186/2042-6410-4-9
Effectsofcognitiveloadonneuralandbehavioralresponsestosmoking-cuedistractors,"MacLean RR, Nichols TT, LeBreton JM, Wilson SJ.",2016,27012714,PMC5361617,10.3758/s13415-016-0416-5
BrainFunctionalMagneticResonanceImagingCue-reactivityCanPredictBaclofenResponseinAlcoholUseDisorders,"Holla B, Karthik S, Biswal J, Viswanath B, Jayarajan D, Bharath RD, Venkatasubramanian G, Benegal V.",2018,30121979,PMC6124881,10.9758/cpn.2018.16.3.290
Sexdifferencesinneuralresponsestostressandalcoholcontextcues,"Seo D, Jia Z, Lacadie CM, Tsou KA, Bergquist K, Sinha R.",2011,21162046,PMC3236497,10.1002/hbm.21165
RewardSystemActivationinResponsetoAlcoholAdvertisementsPredictsCollegeDrinking,"Courtney AL, Rapuano KM, Sargent JD, Heatherton TF, Kelley WM.",2018,29227227,PMC5894856,10.15288/jsad.2018.79.29
TheNeurobiologicalMechanismofChemicalAversion(Emetic)TherapyforAlcoholUseDisorder:AnfMRIStudy,"Elkins RL, Richards TL, Nielsen R, Repass R, Stahlbrandt H, Hoffman HG.",2017,29033802,PMC5625029,10.3389/fnbeh.2017.00182
Prospectivechangesinneuralalcoholcuereactivityinat-riskadolescents,"Nguyen-Louie TT, Courtney KE, Squeglia LM, Bagot K, Eberson S, Migliorini R, Alcaraz AR, Tapert SF, Pulido C.",2018,28801730,PMC5808897,10.1007/s11682-017-9757-0
"VisualImage-InducedCravingforEthanol(VICE):Development,Validation,andaPilotfMRIStudy","Holla B, Viswanath B, Agarwal SM, Kalmady SV, Maroky AS, Jayarajan D, Bharath RD, Venkatasubramanian G, Benegal V.",2014,24860218,PMC4031585,10.4103/0253-7176.130984
AlteredBrainActivitiesAssociatedwithCravingandCueReactivityinPeoplewithInternetGamingDisorder:EvidencefromtheComparisonwithRecreationalInternetGameUsers,"Wang L, Wu L, Wang Y, Li H, Liu X, Du X, Dong G.",2017,28744240,PMC5504237,10.3389/fpsyg.2017.01150
EffectsofaGABA-ergicmedicationcombinationandinitialalcoholwithdrawalseverityoncue-elicitedbrainactivationamongtreatment-seekingalcoholics,"Schacht JP, Anton RF, Randall PK, Li X, Henderson S, Myrick H.",2013,23389755,PMC3664140,10.1007/s00213-013-2996-x
CREB-BDNFpathwayinfluencesalcoholcue-elicitedactivationindrinkers,"Chen J, Hutchison KE, Calhoun VD, Claus ED, Turner JA, Sui J, Liu J.",2015,25939814,PMC4969622,10.1002/hbm.22824
Adjunctivearipiprazoletherapywithescitalopraminpatientswithco-morbidmajordepressivedisorderandalcoholdependence:clinicalandneuroimagingevidence,"Han DH, Kim SM, Choi JE, Min KJ, Renshaw PF.",2013,23325372,PMC4651436,10.1177/0269881112472563
"Disruptedventromedialprefrontalfunction,alcoholcraving,andsubsequentrelapserisk","Seo D, Lacadie CM, Tuit K, Hong KI, Constable RT, Sinha R.",2013,23636842,PMC3788824,10.1001/jamapsychiatry.2013.762
NeuralcorrelatesofaGo/NoGotaskwithalcoholstimuliinlightandheavyyoungdrinkers,"Ames SL, Wong SW, Bechara A, Cappelli C, Dust M, Grenard JL, Stacy AW.",2014,25172182,PMC4179865,10.1016/j.bbr.2014.08.039
Dopaminetransportergenotypemodulationofneuralresponsestosmokingcues:confirmationinanewcohort,"Franklin TR, Wang Z, Li Y, Suh JJ, Goldman M, Lohoff FW, Cruz J, Hazan R, Jens W, Detre JA, Berrettini W, O'Brien CP, Childress AR.",2011,21299752,PMC3348624,10.1111/j.1369-1600.2010.00277.x
RestructuringRewardMechanismsinNicotineAddiction:APilotfMRIStudyofMindfulness-OrientedRecoveryEnhancementforCigaretteSmokers,"Froeliger B, Mathew AR, McConnell PA, Eichberg C, Saladin ME, Carpenter MJ, Garland EL.",2017,28373890,PMC5360937,10.1155/2017/7018014
Brainresponsesandapproachbiastosocialalcoholcuesandtheirassociationwithdrinkinginasocialsettinginyoungadultmales,"Groefsema MM, Mies GW, Cousijn J, Engels RCME, Sescousse G, Luijten M.",2020,31498505,PMC7155040,10.1111/ejn.14574
Neuralresponsestosmokingstimuliareinfluencedbysmokers'attitudestowardstheirownsmokingbehaviour,"Stippekohl B, Winkler MH, Walter B, Kagerer S, Mucha RF, Pauli P, Vaitl D, Stark R.",2012,23155368,PMC3498279,10.1371/journal.pone.0046782
Real-TimefMRINeurofeedbackinPatientsWithTobaccoUseDisorderDuringSmokingCessation:FunctionalDifferencesandImplicationsoftheFirstTrainingSessioninRegardtoFutureAbstinenceorRelapse,"Karch S, Paolini M, Gschwendtner S, Jeanty H, Reckenfelderbäumer A, Yaseen O, Maywald M, Fuchs C, Rauchmann BS, Chrobok A, Rabenstein A, Ertl-Wagner B, Pogarell O, Keeser D, Rüther T.",2019,30886575,PMC6409331,10.3389/fnhum.2019.00065
"Commonprefrontalregionsactivateduringself-controlofcraving,emotion,andmotorimpulsesinsmokers","Tabibnia G, Creswell JD, Kraynak T, Westbrook C, Julson E, Tindle HA.",2014,25485181,PMC4255331,10.1177/2167702614522037
Associationbetweenimpulsivityandneuralactivationtoalcoholcuesinheavydrinkers,"Burnette EM, Grodin EN, Lim AC, MacKillop J, Karno MP, Ray LA.",2019,31622796,PMC7238761,10.1016/j.pscychresns.2019.110986